{"stats":{"minecraft:used":{"minecraft:iron_hoe":1,"minecraft:wheat_seeds":2,"minecraft:water_bucket":1,"minecraft:lava_bucket":1,"minecraft:grass_block":277,"minecraft:spruce_trapdoor":1,"minecraft:hopper_minecart":1,"minecraft:gravel":1,"minecraft:stone_hoe":1,"minecraft:spruce_leaves":5,"minecraft:sand":9,"minecraft:dark_oak_trapdoor":1,"minecraft:dirt":1,"minecraft:cobblestone":1,"minecraft:written_book":1,"minecraft:podzol":1,"minecraft:minecart":1,"minecraft:note_block":1},"minecraft:dropped":{"minecraft:cooked_beef":64,"minecraft:clay_ball":1,"minecraft:written_book":1},"minecraft:custom":{"minecraft:time_since_rest":1036635,"minecraft:sprint_one_cm":59479,"minecraft:open_enderchest":1,"minecraft:damage_taken":3880,"minecraft:walk_one_cm":2807502,"minecraft:drop":3,"minecraft:fly_one_cm":9338361,"minecraft:swim_one_cm":562,"minecraft:interact_with_crafting_table":1,"minecraft:tune_noteblock":15,"minecraft:open_barrel":15,"minecraft:open_chest":9,"minecraft:crouch_one_cm":17737,"minecraft:play_one_minute":1118287,"minecraft:deaths":1,"minecraft:bell_ring":2,"minecraft:sneak_time":21622,"minecraft:walk_under_water_one_cm":99455,"minecraft:interact_with_lectern":3,"minecraft:aviate_one_cm":5369,"minecraft:jump":997,"minecraft:interact_with_brewingstand":1,"minecraft:interact_with_blast_furnace":1,"minecraft:leave_game":27,"minecraft:time_since_death":1036615,"minecraft:walk_on_water_one_cm":26019,"minecraft:interact_with_smoker":5,"minecraft:climb_one_cm":19076},"minecraft:picked_up":{"minecraft:wheat":2,"minecraft:leather_leggings":1,"minecraft:bee_spawn_egg":1,"minecraft:leather_boots":1,"minecraft:beetroot":1,"minecraft:beetroot_seeds":3,"minecraft:wheat_seeds":7,"minecraft:written_book":1,"minecraft:panda_spawn_egg":1,"minecraft:nether_star":3,"minecraft:egg":1}},"DataVersion":2230}