{"stats":{"minecraft:picked_up":{"minecraft:tripwire_hook":1,"minecraft:enchanted_book":2,"minecraft:potion":1,"minecraft:purple_shulker_box":3,"minecraft:grass_block":1,"minecraft:dirt":4,"minecraft:paper":3,"minecraft:stone_pressure_plate":1,"minecraft:lantern":1,"minecraft:experience_bottle":1,"minecraft:diamond":4,"minecraft:iron_ingot":16,"minecraft:gold_ingot":8,"minecraft:emerald":1},"minecraft:dropped":{"minecraft:player_head":4,"minecraft:orange_banner":2,"minecraft:purple_banner":1},"minecraft:used":{"minecraft:purple_banner":1,"minecraft:mossy_cobblestone_stairs":1,"minecraft:purpur_block":3,"minecraft:dark_oak_planks":2,"minecraft:mossy_stone_bricks":3,"minecraft:dark_oak_sign":1,"minecraft:oak_sign":3,"minecraft:andesite_slab":21,"minecraft:spruce_planks":1,"minecraft:purple_shulker_box":3,"minecraft:cobblestone_slab":24,"minecraft:cracked_stone_bricks":1,"minecraft:mossy_cobblestone":2,"minecraft:bow":2,"minecraft:cobblestone":2,"minecraft:potion":1,"minecraft:white_stained_glass_pane":1,"minecraft:andesite":1,"minecraft:stone_pressure_plate":1,"minecraft:lingering_potion":3},"minecraft:custom":{"minecraft:time_since_rest":418585,"minecraft:sprint_one_cm":525004,"minecraft:damage_taken":30,"minecraft:walk_one_cm":212614,"minecraft:drop":7,"minecraft:swim_one_cm":648,"minecraft:fly_one_cm":1735972,"minecraft:open_barrel":1,"minecraft:open_chest":5,"minecraft:play_one_minute":418585,"minecraft:crouch_one_cm":2223,"minecraft:open_shulker_box":3,"minecraft:sneak_time":1007,"minecraft:bell_ring":7,"minecraft:walk_under_water_one_cm":1743,"minecraft:interact_with_lectern":4,"minecraft:aviate_one_cm":630483,"minecraft:jump":2825,"minecraft:leave_game":4,"minecraft:time_since_death":418585,"minecraft:walk_on_water_one_cm":5881,"minecraft:climb_one_cm":987,"minecraft:fall_one_cm":4375}},"DataVersion":2230}