{"stats":{"minecraft:used":{"minecraft:firework_rocket":5,"minecraft:enchanted_golden_apple":2},"minecraft:mined":{"minecraft:spruce_leaves":5,"minecraft:spruce_slab":1},"minecraft:custom":{"minecraft:open_barrel":7,"minecraft:time_since_rest":42453,"minecraft:open_chest":1,"minecraft:play_one_minute":42453,"minecraft:crouch_one_cm":154,"minecraft:sprint_one_cm":26645,"minecraft:walk_one_cm":142315,"minecraft:sneak_time":260,"minecraft:walk_under_water_one_cm":19755,"minecraft:interact_with_lectern":1,"minecraft:aviate_one_cm":1383831,"minecraft:jump":374,"minecraft:leave_game":2,"minecraft:time_since_death":42453,"minecraft:walk_on_water_one_cm":6077,"minecraft:play_noteblock":42,"minecraft:swim_one_cm":33963,"minecraft:fall_one_cm":15134,"minecraft:tune_noteblock":65,"minecraft:fly_one_cm":25918},"minecraft:picked_up":{"minecraft:leather_boots":1,"minecraft:firework_rocket":320,"minecraft:arrow":1,"minecraft:honey_bottle":1,"minecraft:bone_meal":1,"minecraft:spruce_slab":1,"minecraft:enchanted_golden_apple":38,"minecraft:iron_sword":2,"minecraft:elytra":1}},"DataVersion":2230}