{"stats":{"minecraft:custom":{"minecraft:time_since_rest":2236099,"minecraft:sprint_one_cm":1641685,"minecraft:open_enderchest":1,"minecraft:damage_taken":240,"minecraft:walk_one_cm":1958176,"minecraft:interact_with_anvil":2,"minecraft:drop":7,"minecraft:damage_dealt":10,"minecraft:swim_one_cm":16418,"minecraft:tune_noteblock":50,"minecraft:fly_one_cm":10116239,"minecraft:open_chest":21,"minecraft:crouch_one_cm":36991,"minecraft:play_one_minute":3976463,"minecraft:open_shulker_box":4,"minecraft:deaths":1,"minecraft:bell_ring":52,"minecraft:sneak_time":28681,"minecraft:walk_under_water_one_cm":17233,"minecraft:interact_with_lectern":7,"minecraft:aviate_one_cm":3192056,"minecraft:jump":8859,"minecraft:eat_cake_slice":7,"minecraft:walk_on_water_one_cm":12756,"minecraft:leave_game":217,"minecraft:time_since_death":2236079,"minecraft:climb_one_cm":4297,"minecraft:inspect_dispenser":1},"minecraft:dropped":{"minecraft:brown_mushroom":1,"minecraft:cooked_beef":1,"minecraft:mutton":1,"minecraft:clay_ball":1,"minecraft:written_book":2,"minecraft:white_wool":1},"minecraft:picked_up":{"minecraft:scaffolding":1,"minecraft:coarse_dirt":1,"minecraft:cooked_beef":1,"minecraft:clay_ball":2,"minecraft:dandelion":1,"minecraft:porkchop":1,"minecraft:redstone":2,"minecraft:spruce_door":2,"minecraft:cornflower":65,"minecraft:dead_tube_coral_block":2,"minecraft:item_frame":1,"minecraft:wheat_seeds":16,"minecraft:written_book":8,"minecraft:player_head":1,"minecraft:petrified_oak_slab":1,"minecraft:mutton":2,"minecraft:nether_star":1,"minecraft:white_wool":2,"minecraft:egg":1},"minecraft:used":{"minecraft:purple_stained_glass":4,"minecraft:petrified_oak_slab":11,"minecraft:stone_brick_slab":1,"minecraft:spruce_door":1,"minecraft:red_concrete":1,"minecraft:grass_block":3,"minecraft:spruce_slab":3,"minecraft:pig_spawn_egg":1,"minecraft:chest":1,"minecraft:stone":1,"minecraft:grass":17,"minecraft:gravel":12,"minecraft:spruce_leaves":32,"minecraft:oak_leaves":38,"minecraft:orange_stained_glass":1,"minecraft:torch":1,"minecraft:dirt":6,"minecraft:cobblestone":7,"minecraft:vine":1,"minecraft:black_stained_glass":1,"minecraft:written_book":7,"minecraft:stripped_oak_wood":12,"minecraft:grass_path":4,"minecraft:pink_stained_glass":2,"minecraft:note_block":1,"minecraft:coarse_dirt":17,"minecraft:magenta_carpet":4,"minecraft:azure_bluet":3}},"DataVersion":2230}