{"stats":{"minecraft:custom":{"minecraft:mob_kills":7,"minecraft:interact_with_anvil":6,"minecraft:interact_with_crafting_table":3,"minecraft:open_barrel":4,"minecraft:fill_cauldron":1,"minecraft:bell_ring":40,"minecraft:eat_cake_slice":79,"minecraft:leave_game":99,"minecraft:time_since_death":1000849,"minecraft:climb_one_cm":18785,"minecraft:sprint_one_cm":2410879,"minecraft:walk_one_cm":3100891,"minecraft:drop":127,"minecraft:deaths":3,"minecraft:sneak_time":97376,"minecraft:walk_under_water_one_cm":300987,"minecraft:interact_with_lectern":18,"minecraft:jump":32815,"minecraft:interact_with_brewingstand":3,"minecraft:walk_on_water_one_cm":128799,"minecraft:interact_with_furnace":5,"minecraft:tune_noteblock":214,"minecraft:play_one_minute":3681737,"minecraft:interact_with_loom":22,"minecraft:pot_flower":17,"minecraft:interact_with_grindstone":3,"minecraft:sleep_in_bed":1,"minecraft:time_since_rest":1000869,"minecraft:open_enderchest":5,"minecraft:damage_taken":1549,"minecraft:minecart_one_cm":1904,"minecraft:damage_dealt":310,"minecraft:swim_one_cm":41120,"minecraft:fly_one_cm":34862296,"minecraft:open_chest":67,"minecraft:crouch_one_cm":77302,"minecraft:aviate_one_cm":18094785,"minecraft:interact_with_smoker":4,"minecraft:fall_one_cm":26859,"minecraft:inspect_dispenser":1,"minecraft:horse_one_cm":2802},"minecraft:mined":{"minecraft:white_bed":1,"minecraft:cobblestone_stairs":1,"minecraft:grass_block":5,"minecraft:light_gray_bed":5,"minecraft:brown_bed":4,"minecraft:green_bed":2,"minecraft:spruce_stairs":1,"minecraft:cactus":1},"minecraft:used":{"minecraft:diorite_stairs":17,"minecraft:oak_fence":290,"minecraft:petrified_oak_slab":29,"minecraft:light_blue_banner":7,"minecraft:iron_bars":79,"minecraft:writable_book":12,"minecraft:orange_concrete":1,"minecraft:light_gray_stained_glass_pane":5,"minecraft:pufferfish_spawn_egg":51,"minecraft:oak_sign":3,"minecraft:red_concrete":325,"minecraft:armor_stand":37,"minecraft:spruce_slab":885,"minecraft:redstone":44,"minecraft:ladder":20,"minecraft:diamond_hoe":21,"minecraft:light_gray_carpet":1,"minecraft:spruce_planks":750,"minecraft:chest":7,"minecraft:white_terracotta":1,"minecraft:brown_concrete":7,"minecraft:stone":209,"minecraft:nether_wart":3,"minecraft:bell":3,"minecraft:stripped_birch_wood":493,"minecraft:player_head":85,"minecraft:soul_sand":4,"minecraft:dirt":248,"minecraft:anvil":8,"minecraft:yellow_carpet":7,"minecraft:spruce_stairs":494,"minecraft:white_carpet":79,"minecraft:brick_slab":156,"minecraft:jungle_planks":8,"minecraft:stone_stairs":61,"minecraft:nether_brick_slab":38,"minecraft:orange_wool":55,"minecraft:nether_bricks":6,"minecraft:prismarine_brick_stairs":46,"minecraft:cobblestone_wall":10,"minecraft:oak_wood":5,"minecraft:jungle_slab":20,"minecraft:allium":2,"minecraft:spruce_fence":335,"minecraft:cyan_wool":68,"minecraft:snowball":41,"minecraft:obsidian":1,"minecraft:nether_brick_stairs":6,"minecraft:stripped_spruce_log":22,"minecraft:fern":1,"minecraft:polished_diorite":21,"minecraft:honey_bottle":28,"minecraft:purple_banner":5,"minecraft:andesite_wall":58,"minecraft:iron_hoe":1,"minecraft:glass":5,"minecraft:stone_brick_slab":41,"minecraft:dark_oak_planks":12,"minecraft:sea_lantern":29,"minecraft:chipped_anvil":6,"minecraft:bricks":482,"minecraft:coal_ore":4,"minecraft:bookshelf":20,"minecraft:grass_block":145,"minecraft:spruce_wood":7,"minecraft:red_wool":17,"minecraft:lantern":62,"minecraft:blue_orchid":1,"minecraft:oak_stairs":8,"minecraft:panda_spawn_egg":3,"minecraft:brick_stairs":1027,"minecraft:spruce_button":7,"minecraft:acacia_slab":6,"minecraft:polished_andesite_stairs":2,"minecraft:chicken_spawn_egg":6,"minecraft:dark_oak_leaves":79,"minecraft:dark_oak_slab":18,"minecraft:diorite_wall":9,"minecraft:stone_brick_stairs":55,"minecraft:barrel":53,"minecraft:stone_bricks":399,"minecraft:item_frame":22,"minecraft:bedrock":49,"minecraft:repeater":22,"minecraft:tripwire_hook":1,"minecraft:red_carpet":12,"minecraft:magma_block":2,"minecraft:bow":15,"minecraft:tall_grass":1,"minecraft:hay_block":141,"minecraft:written_book":28,"minecraft:scaffolding":143,"minecraft:furnace":1,"minecraft:oak_sapling":1,"minecraft:white_stained_glass_pane":150,"minecraft:minecart":1,"minecraft:polished_diorite_stairs":31,"minecraft:acacia_wood":3,"minecraft:egg":74,"minecraft:gray_banner":1,"minecraft:light_gray_bed":6,"minecraft:dark_prismarine_stairs":3,"minecraft:acacia_planks":15,"minecraft:horn_coral_fan":1,"minecraft:brown_concrete_powder":6,"minecraft:brown_bed":3,"minecraft:emerald_ore":1,"minecraft:damaged_anvil":15,"minecraft:light_blue_carpet":34,"minecraft:water_bucket":75,"minecraft:dark_oak_stairs":18,"minecraft:wheat_seeds":23,"minecraft:yellow_banner":45,"minecraft:mossy_stone_bricks":6,"minecraft:nether_brick_wall":24,"minecraft:diorite":101,"minecraft:end_rod":51,"minecraft:end_stone_bricks":1,"minecraft:cow_spawn_egg":8,"minecraft:iron_ore":5,"minecraft:cobblestone_stairs":37,"minecraft:spruce_door":12,"minecraft:prismarine_brick_slab":82,"minecraft:stripped_acacia_log":20,"minecraft:snow_block":43,"minecraft:birch_planks":2,"minecraft:gray_carpet":1,"minecraft:polished_andesite":3,"minecraft:stripped_birch_log":66,"minecraft:red_stained_glass":47,"minecraft:lead":2,"minecraft:acacia_trapdoor":1,"minecraft:polished_diorite_slab":40,"minecraft:andesite_slab":24,"minecraft:cactus":2,"minecraft:wooden_pickaxe":2,"minecraft:spruce_sign":17,"minecraft:cauldron":7,"minecraft:spruce_fence_gate":9,"minecraft:end_stone_brick_slab":5,"minecraft:magenta_stained_glass":4,"minecraft:diamond_axe":4,"minecraft:green_bed":4,"minecraft:cobblestone_slab":63,"minecraft:sheep_spawn_egg":9,"minecraft:horse_spawn_egg":29,"minecraft:smooth_quartz_stairs":2,"minecraft:cracked_stone_bricks":77,"minecraft:oak_leaves":57,"minecraft:white_wool":54,"minecraft:pink_concrete":2,"minecraft:diamond_block":2,"minecraft:dark_oak_trapdoor":19,"minecraft:rail":1,"minecraft:light_gray_banner":1,"minecraft:sand":12,"minecraft:vine":7,"minecraft:crafting_table":2,"minecraft:loom":4,"minecraft:light_blue_wool":16,"minecraft:brown_banner":7,"minecraft:birch_sign":12,"minecraft:black_banner":12,"minecraft:yellow_concrete":11,"minecraft:crossbow":158,"minecraft:white_bed":1,"minecraft:campfire":9,"minecraft:chiseled_quartz_block":3,"minecraft:note_block":33,"minecraft:stone_brick_wall":8,"minecraft:painting":100,"minecraft:infested_stone_bricks":7,"minecraft:spruce_log":468,"minecraft:squid_spawn_egg":144,"minecraft:cake":3,"minecraft:smoker":5,"minecraft:oak_log":578,"minecraft:redstone_torch":52,"minecraft:flower_pot":25,"minecraft:black_concrete":4,"minecraft:acacia_stairs":4,"minecraft:cornflower":1,"minecraft:firework_rocket":174,"minecraft:stripped_jungle_log":36,"minecraft:sunflower":1,"minecraft:barrier":14,"minecraft:string":110,"minecraft:brown_wool":161,"minecraft:map":2,"minecraft:spruce_pressure_plate":4,"minecraft:lectern":2,"minecraft:jungle_stairs":8,"minecraft:stone_slab":26,"minecraft:spruce_trapdoor":205,"minecraft:iron_door":7,"minecraft:gravel":18,"minecraft:chiseled_stone_bricks":1,"minecraft:cobblestone":118,"minecraft:potion":1,"minecraft:andesite":47,"minecraft:white_banner":25,"minecraft:andesite_stairs":4,"minecraft:grindstone":14,"minecraft:bucket":34,"minecraft:dark_oak_fence":3,"minecraft:red_banner":7,"minecraft:glass_pane":8,"minecraft:yellow_bed":2,"minecraft:smooth_stone_slab":1,"minecraft:ice":2,"minecraft:splash_potion":83,"minecraft:cobweb":5,"minecraft:white_concrete":121,"minecraft:coarse_dirt":60,"minecraft:purple_carpet":10,"minecraft:birch_stairs":1,"minecraft:purple_wool":7,"minecraft:brown_mushroom_block":3},"minecraft:picked_up":{"minecraft:wooden_axe":1,"minecraft:coarse_dirt":1,"minecraft:wheat":96,"minecraft:chicken":1,"minecraft:ladder":8,"minecraft:clay_ball":11,"minecraft:prismarine_shard":1,"minecraft:enchanted_book":1,"minecraft:potion":1,"minecraft:elytra":3,"minecraft:pufferfish":10,"minecraft:white_carpet":12,"minecraft:purple_banner":3,"minecraft:oak_sign":1,"minecraft:spruce_planks":1,"minecraft:beef":5,"minecraft:redstone_torch":24,"minecraft:written_book":60,"minecraft:player_head":4,"minecraft:spruce_slab":1,"minecraft:spruce_stairs":1,"minecraft:redstone":11,"minecraft:prismarine_crystals":1,"minecraft:yellow_banner":16,"minecraft:cactus":1,"minecraft:honey_bottle":1,"minecraft:stripped_birch_wood":1,"minecraft:cod":1,"minecraft:mutton":12,"minecraft:white_wool":19,"minecraft:cobblestone":1,"minecraft:polished_diorite_slab":1,"minecraft:feather":1,"minecraft:repeater":4,"minecraft:leather":12,"minecraft:flint":2,"minecraft:cobblestone_stairs":1,"minecraft:dirt":5,"minecraft:stripped_birch_log":2,"minecraft:lantern":10,"minecraft:light_blue_banner":17,"minecraft:bow":1,"minecraft:wheat_seeds":340,"minecraft:scaffolding":44,"minecraft:ink_sac":140,"minecraft:grass_block":2,"minecraft:brick_slab":1,"minecraft:firework_rocket":1,"minecraft:coal_ore":1,"minecraft:light_blue_carpet":8,"minecraft:crossbow":2,"minecraft:diamond_axe":1,"minecraft:painting":2,"minecraft:nether_star":11},"minecraft:crafted":{"minecraft:brick":1,"minecraft:firework_star":2,"minecraft:air":0,"minecraft:firework_rocket":6},"minecraft:dropped":{"minecraft:enchanted_book":1,"minecraft:wheat_seeds":256,"minecraft:diamond_axe":1,"minecraft:golden_helmet":1,"minecraft:diamond":65,"minecraft:diamond_leggings":1,"minecraft:prismarine_shard":1,"minecraft:crossbow":2,"minecraft:cobblestone":2,"minecraft:prismarine_crystals":1,"minecraft:andesite_wall":1,"minecraft:lantern":3,"minecraft:leather":2,"minecraft:elytra":5,"minecraft:grass_block":3,"minecraft:stick":2,"minecraft:flint":2,"minecraft:spruce_leaves":1,"minecraft:wooden_axe":1,"minecraft:diamond_helmet":1,"minecraft:light_gray_banner":1,"minecraft:stripped_birch_log":2,"minecraft:white_stained_glass_pane":1,"minecraft:sunflower":1,"minecraft:light_blue_banner":33,"minecraft:player_head":10,"minecraft:coarse_dirt":1,"minecraft:polished_diorite_slab":1,"minecraft:wheat":64,"minecraft:clay_ball":8,"minecraft:light_gray_carpet":1,"minecraft:infested_stone_bricks":2,"minecraft:potato":1,"minecraft:hay_block":1,"minecraft:stone":2,"minecraft:diamond_chestplate":1,"minecraft:spruce_planks":1,"minecraft:coal_ore":1,"minecraft:oak_sapling":1,"minecraft:yellow_banner":16,"minecraft:spruce_log":1,"minecraft:diamond_boots":1,"minecraft:spruce_slab":1,"minecraft:blue_orchid":1,"minecraft:campfire":1,"minecraft:brick_slab":1,"minecraft:written_book":101,"minecraft:oak_leaves":1,"minecraft:brick":1,"minecraft:firework_rocket":1},"minecraft:killed":{"minecraft:cow":1},"minecraft:broken":{"minecraft:wooden_pickaxe":1}},"DataVersion":2586}