{"stats":{"minecraft:picked_up":{"minecraft:dark_oak_sapling":1,"minecraft:scaffolding":3,"minecraft:coarse_dirt":2,"minecraft:stick":3,"minecraft:birch_door":2,"minecraft:white_stained_glass_pane":2,"minecraft:wheat":3,"minecraft:cooked_beef":66,"minecraft:cooked_porkchop":43,"minecraft:flower_pot":1,"minecraft:lead":1,"minecraft:diamond_sword":2,"minecraft:gravel":2,"minecraft:bedrock":1,"minecraft:stone_button":1,"minecraft:lantern":2,"minecraft:stripped_birch_log":5,"minecraft:stone_pressure_plate":2,"minecraft:elytra":2,"minecraft:wheat_seeds":18,"minecraft:bone_meal":1,"minecraft:player_head":12,"minecraft:enchanted_golden_apple":68,"minecraft:acacia_sapling":1},"minecraft:mined":{"minecraft:coarse_dirt":3,"minecraft:potted_dark_oak_sapling":1,"minecraft:stripped_birch_log":3,"minecraft:grass":6,"minecraft:gravel":1,"minecraft:glass":1,"minecraft:player_head":4,"minecraft:wall_torch":1},"minecraft:dropped":{"minecraft:wheat_seeds":18,"minecraft:cooked_beef":61,"minecraft:spruce_planks":1,"minecraft:wheat":3,"minecraft:bone_meal":1,"minecraft:lantern":2,"minecraft:enchanted_golden_apple":61,"minecraft:scaffolding":3,"minecraft:fishing_rod":1,"minecraft:diamond_sword":1,"minecraft:stick":1},"minecraft:custom":{"minecraft:damage_taken":5570,"minecraft:time_since_rest":319070,"minecraft:sprint_one_cm":862332,"minecraft:open_enderchest":3,"minecraft:walk_one_cm":1257533,"minecraft:interact_with_anvil":2,"minecraft:drop":95,"minecraft:damage_dealt":38,"minecraft:play_noteblock":32,"minecraft:swim_one_cm":287558,"minecraft:interact_with_cartography_table":1,"minecraft:tune_noteblock":134,"minecraft:fly_one_cm":1701060,"minecraft:open_barrel":4,"minecraft:open_chest":12,"minecraft:play_one_minute":511881,"minecraft:crouch_one_cm":59546,"minecraft:deaths":14,"minecraft:bell_ring":14,"minecraft:sneak_time":26621,"minecraft:walk_under_water_one_cm":108053,"minecraft:pot_flower":1,"minecraft:interact_with_lectern":6,"minecraft:aviate_one_cm":469767,"minecraft:jump":8527,"minecraft:eat_cake_slice":1,"minecraft:leave_game":32,"minecraft:walk_on_water_one_cm":67907,"minecraft:time_since_death":319050,"minecraft:climb_one_cm":11189,"minecraft:interact_with_smoker":1,"minecraft:fall_one_cm":300765,"minecraft:horse_one_cm":404305},"minecraft:used":{"minecraft:flower_pot":1,"minecraft:stripped_birch_log":4,"minecraft:stone_button":1,"minecraft:spruce_planks":1,"minecraft:gravel":1,"minecraft:player_head":2,"minecraft:diamond_sword":1,"minecraft:fishing_rod":2,"minecraft:white_stained_glass_pane":1,"minecraft:cooked_porkchop":19,"minecraft:acacia_sapling":1,"minecraft:cooked_beef":5,"minecraft:stone_pressure_plate":2,"minecraft:coarse_dirt":2,"minecraft:enchanted_golden_apple":2,"minecraft:birch_door":1}},"DataVersion":2230}