{"stats":{"minecraft:picked_up":{"minecraft:clay_ball":1,"minecraft:iron_pickaxe":1,"minecraft:enchanted_golden_apple":19,"minecraft:minecart":1},"minecraft:custom":{"minecraft:time_since_rest":49242,"minecraft:open_chest":1,"minecraft:crouch_one_cm":2140,"minecraft:play_one_minute":49242,"minecraft:sprint_one_cm":33114,"minecraft:open_enderchest":1,"minecraft:walk_one_cm":62751,"minecraft:sneak_time":1046,"minecraft:mob_kills":1,"minecraft:jump":275,"minecraft:damage_dealt":40,"minecraft:minecart_one_cm":3615,"minecraft:leave_game":3,"minecraft:walk_on_water_one_cm":71,"minecraft:time_since_death":49242,"minecraft:fall_one_cm":6510,"minecraft:fly_one_cm":60158,"minecraft:horse_one_cm":7710},"minecraft:killed":{"minecraft:chicken":1},"minecraft:used":{"minecraft:minecart":1,"minecraft:enchanted_golden_apple":1}},"DataVersion":2230}