{"stats":{"minecraft:used":{"minecraft:andesite":1,"minecraft:crossbow":2,"minecraft:stone":1,"minecraft:cobblestone":1,"minecraft:stone_bricks":1,"minecraft:honey_bottle":20},"minecraft:picked_up":{"minecraft:filled_map":1},"minecraft:dropped":{"minecraft:honey_bottle":23},"minecraft:custom":{"minecraft:interact_with_brewingstand":2,"minecraft:time_since_rest":135294,"minecraft:play_one_minute":135294,"minecraft:crouch_one_cm":213,"minecraft:leave_game":3,"minecraft:sprint_one_cm":104077,"minecraft:walk_on_water_one_cm":490,"minecraft:time_since_death":135294,"minecraft:walk_one_cm":78947,"minecraft:sneak_time":398,"minecraft:walk_under_water_one_cm":1964,"minecraft:eat_cake_slice":2,"minecraft:drop":8,"minecraft:fly_one_cm":337125,"minecraft:aviate_one_cm":76450,"minecraft:jump":1060}},"DataVersion":2230}