{"stats":{"minecraft:killed":{"minecraft:pufferfish":1},"minecraft:picked_up":{"minecraft:wooden_axe":1,"minecraft:wheat":1,"minecraft:andesite":1,"minecraft:leather":1,"minecraft:potion":2,"minecraft:enchanted_book":1,"minecraft:stone_brick_stairs":1,"minecraft:stripped_birch_log":1,"minecraft:dirt":6,"minecraft:elytra":2,"minecraft:pufferfish":1,"minecraft:oak_sign":1,"minecraft:stone_bricks":1,"minecraft:wheat_seeds":6,"minecraft:written_book":24,"minecraft:player_head":69,"minecraft:spruce_slab":1,"minecraft:scaffolding":7,"minecraft:stick":1,"minecraft:stone":1,"minecraft:stone_brick_slab":1,"minecraft:dandelion":1,"minecraft:gravel":1,"minecraft:grass_block":1,"minecraft:dark_oak_planks":1,"minecraft:brown_carpet":4,"minecraft:dried_kelp_block":1,"minecraft:honey_bottle":30,"minecraft:iron_helmet":1,"minecraft:red_tulip":1,"minecraft:mutton":2,"minecraft:white_wool":1,"minecraft:nether_star":5},"minecraft:used":{"minecraft:oak_fence":58,"minecraft:oak_trapdoor":51,"minecraft:wheat_seeds":1,"minecraft:light_blue_banner":1,"minecraft:water_bucket":27,"minecraft:writable_book":1,"minecraft:iron_bars":28,"minecraft:cobblestone_stairs":31,"minecraft:dead_bush":2,"minecraft:stripped_birch_log":40,"minecraft:spruce_slab":178,"minecraft:polished_andesite":1,"minecraft:pufferfish_spawn_egg":3,"minecraft:oak_planks":16,"minecraft:diamond_hoe":1,"minecraft:oak_sign":7,"minecraft:spruce_planks":343,"minecraft:stone":31,"minecraft:spruce_sign":2,"minecraft:grass":7,"minecraft:sheep_spawn_egg":122,"minecraft:cobblestone_slab":7,"minecraft:player_head":32,"minecraft:oak_leaves":66,"minecraft:bee_spawn_egg":3,"minecraft:pink_concrete":1,"minecraft:torch":8,"minecraft:anvil":5,"minecraft:rail":54,"minecraft:brick_slab":34,"minecraft:spruce_stairs":113,"minecraft:birch_sign":1,"minecraft:oak_wood":249,"minecraft:allium":1,"minecraft:sponge":2,"minecraft:orange_wool":37,"minecraft:polar_bear_spawn_egg":2,"minecraft:spruce_fence":13,"minecraft:honey_bottle":20,"minecraft:fern":2,"minecraft:birch_door":4,"minecraft:redstone_torch":3,"minecraft:oak_log":9,"minecraft:glass":14,"minecraft:stone_brick_slab":52,"minecraft:dark_oak_planks":109,"minecraft:bricks":54,"minecraft:firework_rocket":140,"minecraft:red_tulip":2,"minecraft:red_wool":12,"minecraft:lantern":23,"minecraft:grass_block":309,"minecraft:panda_spawn_egg":3,"minecraft:barrier":35,"minecraft:brick_stairs":70,"minecraft:map":2,"minecraft:stone_button":4,"minecraft:lectern":1,"minecraft:magenta_concrete":1,"minecraft:spruce_trapdoor":102,"minecraft:iron_door":2,"minecraft:gravel":6,"minecraft:stone_bricks":725,"minecraft:stone_brick_stairs":147,"minecraft:item_frame":2,"minecraft:bedrock":25,"minecraft:diamond_sword":1,"minecraft:fire_charge":3,"minecraft:glowstone":11,"minecraft:redstone_lamp":2,"minecraft:cobblestone":20,"minecraft:potion":2,"minecraft:written_book":5,"minecraft:white_stained_glass_pane":19,"minecraft:oak_sapling":4,"minecraft:andesite":15,"minecraft:coarse_dirt":3,"minecraft:bone_meal":10,"minecraft:dark_oak_sapling":4},"minecraft:killed_by":{"minecraft:player":1},"minecraft:dropped":{"minecraft:enchanted_book":1,"minecraft:gravel":1,"minecraft:wheat_seeds":4,"minecraft:pufferfish_spawn_egg":1,"minecraft:player_head":2,"minecraft:clay_ball":8,"minecraft:leather":1,"minecraft:bedrock":1,"minecraft:honey_bottle":4,"minecraft:elytra":2,"minecraft:grass_block":1,"minecraft:polar_bear_spawn_egg":1,"minecraft:diamond_sword":1,"minecraft:stick":1,"minecraft:cobblestone_stairs":1,"minecraft:dried_kelp_block":1,"minecraft:bee_spawn_egg":1,"minecraft:panda_spawn_egg":1,"minecraft:stone":1,"minecraft:cake":1,"minecraft:birch_door":1,"minecraft:map":1,"minecraft:stripped_birch_log":3,"minecraft:brown_carpet":4,"minecraft:white_stained_glass_pane":2,"minecraft:glass":1,"minecraft:scaffolding":7,"minecraft:written_book":19,"minecraft:dandelion":1,"minecraft:firework_rocket":321},"minecraft:crafted":{"minecraft:diamond_sword":1},"minecraft:custom":{"minecraft:mob_kills":3,"minecraft:interact_with_anvil":10,"minecraft:tune_noteblock":13,"minecraft:play_one_minute":2969002,"minecraft:eat_cake_slice":93,"minecraft:interact_with_grindstone":1,"minecraft:leave_game":88,"minecraft:time_since_death":613503,"minecraft:climb_one_cm":1997,"minecraft:time_since_rest":613523,"minecraft:open_enderchest":1,"minecraft:sprint_one_cm":574128,"minecraft:damage_taken":51200,"minecraft:walk_one_cm":1146468,"minecraft:drop":58,"minecraft:damage_dealt":48,"minecraft:fly_one_cm":8630201,"minecraft:open_chest":9,"minecraft:crouch_one_cm":5308,"minecraft:deaths":3,"minecraft:sneak_time":25631,"minecraft:walk_under_water_one_cm":15844,"minecraft:interact_with_lectern":6,"minecraft:aviate_one_cm":6985030,"minecraft:jump":4490,"minecraft:interact_with_brewingstand":1,"minecraft:walk_on_water_one_cm":17004,"minecraft:interact_with_smoker":1,"minecraft:fall_one_cm":8690,"minecraft:inspect_dispenser":2,"minecraft:horse_one_cm":55975}},"DataVersion":2230}