{"stats":{"minecraft:picked_up":{"minecraft:chicken":2,"minecraft:leather":18,"minecraft:brown_wool":6,"minecraft:stone_button":1,"minecraft:ink_sac":173,"minecraft:dirt":1,"minecraft:lantern":2,"minecraft:pufferfish":2,"minecraft:bone_meal":4,"minecraft:gray_wool":4,"minecraft:light_gray_wool":4,"minecraft:bamboo":5,"minecraft:black_wool":2,"minecraft:mutton":160,"minecraft:iron_sword":2,"minecraft:white_wool":90,"minecraft:egg":1},"minecraft:mined":{"minecraft:grass_block":1,"minecraft:bamboo_sapling":1},"minecraft:dropped":{"minecraft:ink_sac":19,"minecraft:bone_meal":3,"minecraft:pufferfish":1},"minecraft:custom":{"minecraft:time_since_rest":324027,"minecraft:sprint_one_cm":1216393,"minecraft:open_enderchest":2,"minecraft:walk_one_cm":572854,"minecraft:mob_kills":4,"minecraft:drop":23,"minecraft:minecart_one_cm":1688,"minecraft:damage_dealt":909,"minecraft:play_noteblock":2,"minecraft:swim_one_cm":98017,"minecraft:tune_noteblock":595,"minecraft:fly_one_cm":2604779,"minecraft:open_barrel":16,"minecraft:open_chest":17,"minecraft:crouch_one_cm":23928,"minecraft:play_one_minute":324027,"minecraft:bell_ring":27,"minecraft:sneak_time":6347,"minecraft:walk_under_water_one_cm":12652,"minecraft:interact_with_lectern":5,"minecraft:jump":9969,"minecraft:leave_game":30,"minecraft:walk_on_water_one_cm":22931,"minecraft:time_since_death":324027,"minecraft:interact_with_smoker":1,"minecraft:climb_one_cm":6541,"minecraft:fall_one_cm":428850},"minecraft:killed":{"minecraft:bee":1,"minecraft:panda":3},"minecraft:used":{"minecraft:lantern":2,"minecraft:stone_button":1,"minecraft:iron_sword":13,"minecraft:bamboo":1,"minecraft:dirt":1,"minecraft:egg":1}},"DataVersion":2230}