{"stats":{"minecraft:killed":{"minecraft:chicken":13,"minecraft:pig":9,"minecraft:sheep":8,"minecraft:cow":4,"minecraft:horse":5,"minecraft:panda":1,"minecraft:llama":1,"minecraft:bat":5,"minecraft:squid":2,"minecraft:villager":1},"minecraft:dropped":{"minecraft:gold_ore":1,"minecraft:iron_sword":2,"minecraft:cooked_beef":1,"minecraft:oak_log":4,"minecraft:glass_bottle":2,"minecraft:nether_star":2,"minecraft:tube_coral_block":1,"minecraft:stripped_birch_wood":2,"minecraft:jungle_planks":2,"minecraft:red_wool":1,"minecraft:saddle":1,"minecraft:leather_helmet":2,"minecraft:spruce_leaves":1,"minecraft:cyan_terracotta":1,"minecraft:dirt":2,"minecraft:red_bed":1,"minecraft:cornflower":65,"minecraft:white_stained_glass_pane":1,"minecraft:wooden_sword":3,"minecraft:sunflower":2,"minecraft:dark_oak_planks":1,"minecraft:white_wool":1,"minecraft:music_disc_blocks":1,"minecraft:golden_chestplate":1,"minecraft:purple_banner":1,"minecraft:lime_wool":1,"minecraft:enchanted_golden_apple":64,"minecraft:green_banner":1,"minecraft:leather_chestplate":3,"minecraft:petrified_oak_slab":2,"minecraft:jungle_stairs":1,"minecraft:leather_boots":4,"minecraft:leather_leggings":3,"minecraft:spruce_slab":4,"minecraft:arrow":1,"minecraft:glass":1,"minecraft:beef":3,"minecraft:scaffolding":1,"minecraft:stone_brick_stairs":1,"minecraft:written_book":36,"minecraft:enchanted_book":3,"minecraft:golden_boots":1,"minecraft:wheat_seeds":2,"minecraft:gray_stained_glass_pane":2,"minecraft:golden_helmet":4,"minecraft:tnt":1,"minecraft:mossy_cobblestone":1,"minecraft:diamond_leggings":1,"minecraft:light_gray_stained_glass_pane":12,"minecraft:oak_fence":1,"minecraft:spruce_stairs":1,"minecraft:grass_block":2,"minecraft:polished_andesite":2,"minecraft:lava_bucket":1,"minecraft:wooden_axe":2,"minecraft:melon_slice":1,"minecraft:map":1,"minecraft:diamond_helmet":1,"minecraft:zombie_head":1,"minecraft:potion":11,"minecraft:polished_andesite_stairs":1,"minecraft:string":1,"minecraft:lily_pad":1,"minecraft:dandelion":2,"minecraft:redstone":1,"minecraft:polished_diorite":1,"minecraft:bricks":1,"minecraft:brick_wall":2,"minecraft:player_head":5,"minecraft:coarse_dirt":3,"minecraft:stone_sword":2,"minecraft:cobblestone_wall":1,"minecraft:experience_bottle":5,"minecraft:clay_ball":992,"minecraft:orange_wool":2,"minecraft:spruce_fence":1,"minecraft:diamond_sword":2,"minecraft:filled_map":2,"minecraft:potato":1,"minecraft:stone":1,"minecraft:shield":1,"minecraft:diamond_chestplate":1,"minecraft:spruce_trapdoor":2,"minecraft:spruce_planks":1,"minecraft:golden_leggings":1,"minecraft:golden_sword":5,"minecraft:stone_bricks":3,"minecraft:barrel":1,"minecraft:diamond_boots":1,"minecraft:bow":2,"minecraft:red_tulip":3,"minecraft:white_stained_glass":2},"minecraft:used":{"minecraft:peony":7,"minecraft:light_blue_banner":8,"minecraft:nether_brick_fence":39,"minecraft:jack_o_lantern":4,"minecraft:melon":12,"minecraft:light_gray_stained_glass_pane":16,"minecraft:bone_block":3,"minecraft:dispenser":12,"minecraft:spruce_slab":2889,"minecraft:ladder":136,"minecraft:diamond_hoe":88,"minecraft:oak_sign":52,"minecraft:green_banner":6,"minecraft:chest":108,"minecraft:stone":1576,"minecraft:bell":8,"minecraft:grass":990,"minecraft:player_head":105,"minecraft:farmland":1426,"minecraft:tube_coral":8,"minecraft:spruce_leaves":279,"minecraft:chiseled_red_sandstone":3,"minecraft:lily_of_the_valley":14,"minecraft:brick_slab":1046,"minecraft:jungle_planks":210,"minecraft:nether_bricks":3,"minecraft:carrot":29,"minecraft:jungle_slab":211,"minecraft:allium":3,"minecraft:orange_wool":5456,"minecraft:furnace_minecart":1,"minecraft:beehive":9,"minecraft:cyan_wool":44,"minecraft:snowball":65,"minecraft:azure_bluet":1,"minecraft:stripped_spruce_log":85,"minecraft:obsidian":5,"minecraft:honey_bottle":28,"minecraft:glass":177,"minecraft:honey_block":4,"minecraft:cyan_terracotta":36,"minecraft:lava_bucket":10,"minecraft:bricks":773,"minecraft:coal_ore":13,"minecraft:lime_banner":5,"minecraft:quartz_pillar":2,"minecraft:villager_spawn_egg":1,"minecraft:red_wool":1579,"minecraft:jungle_fence_gate":14,"minecraft:spruce_wood":19,"minecraft:black_stained_glass_pane":29,"minecraft:lantern":294,"minecraft:grass_block":3504,"minecraft:green_wool":1,"minecraft:birch_sapling":2,"minecraft:orange_shulker_box":4,"minecraft:polished_andesite_stairs":28,"minecraft:quartz_block":2,"minecraft:wet_sponge":7,"minecraft:dark_oak_leaves":14,"minecraft:dark_oak_slab":4,"minecraft:blue_banner":4,"minecraft:diorite_wall":10,"minecraft:pink_wool":75,"minecraft:item_frame":30,"minecraft:stone_brick_stairs":442,"minecraft:stone_bricks":847,"minecraft:music_disc_stal":1,"minecraft:bedrock":25,"minecraft:red_stained_glass_pane":3,"minecraft:birch_trapdoor":113,"minecraft:red_carpet":78,"minecraft:red_nether_brick_wall":6,"minecraft:snow":621,"minecraft:redstone_lamp":9,"minecraft:magma_block":36,"minecraft:bow":51,"minecraft:brown_carpet":42,"minecraft:scaffolding":109,"minecraft:hay_block":114,"minecraft:written_book":25,"minecraft:sweet_berries":27,"minecraft:furnace":1,"minecraft:beetroot_seeds":32,"minecraft:acacia_fence":6,"minecraft:gold_block":4,"minecraft:potato":52,"minecraft:brown_concrete_powder":36,"minecraft:dark_prismarine_stairs":1,"minecraft:large_fern":31,"minecraft:light_blue_carpet":6,"minecraft:dark_oak_stairs":8,"minecraft:mossy_stone_bricks":6,"minecraft:end_rod":4,"minecraft:diorite":37,"minecraft:tube_coral_fan":5,"minecraft:damaged_anvil":1,"minecraft:end_stone_bricks":1,"minecraft:brick_wall":22,"minecraft:spruce_door":54,"minecraft:dropper":4,"minecraft:stripped_acacia_log":2,"minecraft:stripped_birch_log":968,"minecraft:birch_leaves":20,"minecraft:gray_carpet":48,"minecraft:prismarine":30,"minecraft:jungle_fence":7,"minecraft:oak_planks":116,"minecraft:lily_pad":11,"minecraft:polished_diorite_slab":14,"minecraft:mossy_stone_brick_stairs":1,"minecraft:redstone_block":9,"minecraft:composter":18,"minecraft:sugar_cane":30,"minecraft:purpur_pillar":5,"minecraft:oak_leaves":696,"minecraft:white_wool":90,"minecraft:sand":694,"minecraft:purpur_stairs":2,"minecraft:lime_stained_glass_pane":14,"minecraft:loom":3,"minecraft:blast_furnace":2,"minecraft:black_banner":19,"minecraft:yellow_concrete":25,"minecraft:acacia_leaves":2,"minecraft:sponge":9,"minecraft:note_block":383,"minecraft:stone_brick_wall":52,"minecraft:gray_concrete":8,"minecraft:end_stone":5,"minecraft:red_sandstone_wall":4,"minecraft:pumpkin_seeds":1,"minecraft:birch_fence":3,"minecraft:redstone_torch":7,"minecraft:sticky_piston":1,"minecraft:red_sandstone":3,"minecraft:black_concrete":174,"minecraft:firework_rocket":116,"minecraft:daylight_detector":5,"minecraft:birch_fence_gate":1,"minecraft:acacia_door":13,"minecraft:dark_oak_log":1,"minecraft:gray_stained_glass_pane":12,"minecraft:birch_slab":2,"minecraft:heavy_weighted_pressure_plate":5,"minecraft:barrier":41,"minecraft:cyan_bed":2,"minecraft:brown_wool":10,"minecraft:string":113,"minecraft:stone_button":60,"minecraft:cyan_carpet":12,"minecraft:lectern":9,"minecraft:polished_granite":4,"minecraft:oak_pressure_plate":32,"minecraft:iron_door":30,"minecraft:cut_red_sandstone":4,"minecraft:gravel":233,"minecraft:lilac":264,"minecraft:polished_andesite_slab":25,"minecraft:nether_wart_block":1,"minecraft:coal_block":22,"minecraft:grindstone":17,"minecraft:stripped_oak_wood":32,"minecraft:dark_oak_fence":14,"minecraft:smithing_table":2,"minecraft:bubble_coral_block":7,"minecraft:white_stained_glass":149,"minecraft:andesite":167,"minecraft:ice":29,"minecraft:pink_stained_glass":16,"minecraft:smooth_stone_slab":23,"minecraft:chest_minecart":2,"minecraft:coarse_dirt":759,"minecraft:chorus_plant":8,"minecraft:cobweb":15,"minecraft:bone_meal":2,"minecraft:purple_wool":557,"minecraft:diorite_slab":9,"minecraft:gray_stained_glass":3,"minecraft:oak_trapdoor":44,"minecraft:oak_fence":301,"minecraft:purpur_block":4,"minecraft:petrified_oak_slab":175,"minecraft:enchanting_table":9,"minecraft:iron_bars":239,"minecraft:dead_tube_coral_block":4,"minecraft:dead_bush":1,"minecraft:orange_concrete":272,"minecraft:flint_and_steel":35,"minecraft:carved_pumpkin":10,"minecraft:red_concrete":16,"minecraft:armor_stand":19,"minecraft:redstone":209,"minecraft:light_gray_carpet":65,"minecraft:spruce_planks":1468,"minecraft:ender_chest":8,"minecraft:stripped_birch_wood":280,"minecraft:oak_door":6,"minecraft:torch":92,"minecraft:end_stone_brick_wall":9,"minecraft:brewing_stand":11,"minecraft:dirt":973,"minecraft:anvil":31,"minecraft:white_carpet":239,"minecraft:chorus_flower":5,"minecraft:hopper":13,"minecraft:prismarine_bricks":1,"minecraft:spruce_stairs":1006,"minecraft:cobblestone_wall":571,"minecraft:stone_stairs":168,"minecraft:shulker_box":1,"minecraft:oak_wood":174,"minecraft:yellow_carpet":8,"minecraft:jungle_trapdoor":70,"minecraft:spruce_fence":792,"minecraft:granite":19,"minecraft:oak_fence_gate":19,"minecraft:polished_diorite":16,"minecraft:fern":10,"minecraft:andesite_wall":123,"minecraft:purple_banner":8,"minecraft:birch_door":1,"minecraft:purple_stained_glass_pane":3,"minecraft:wooden_axe":50,"minecraft:brown_terracotta":1,"minecraft:stone_brick_slab":44,"minecraft:red_shulker_box":1,"minecraft:dark_oak_planks":22,"minecraft:sea_lantern":5,"minecraft:chipped_anvil":1,"minecraft:red_tulip":1,"minecraft:bookshelf":37,"minecraft:filled_map":3,"minecraft:iron_block":29,"minecraft:oak_stairs":79,"minecraft:spruce_button":5,"minecraft:brick_stairs":1799,"minecraft:chicken_spawn_egg":7,"minecraft:totem_of_undying":1,"minecraft:pink_stained_glass_pane":7,"minecraft:melon_seeds":1,"minecraft:barrel":406,"minecraft:prismarine_slab":241,"minecraft:light_gray_wool":11,"minecraft:tripwire_hook":3,"minecraft:lime_concrete":2,"minecraft:black_stained_glass":6,"minecraft:magenta_wool":98,"minecraft:tall_grass":41,"minecraft:emerald_block":4,"minecraft:iron_trapdoor":29,"minecraft:lime_stained_glass":2,"minecraft:white_stained_glass_pane":309,"minecraft:podzol":2,"minecraft:minecart":3,"minecraft:horn_coral_block":46,"minecraft:cyan_banner":5,"minecraft:stone_pressure_plate":53,"minecraft:acacia_planks":28,"minecraft:observer":6,"minecraft:orange_stained_glass_pane":3,"minecraft:pumpkin":7,"minecraft:horn_coral_fan":3,"minecraft:brown_bed":19,"minecraft:brain_coral_block":6,"minecraft:wheat_seeds":106,"minecraft:water_bucket":523,"minecraft:yellow_banner":21,"minecraft:pink_tulip":1,"minecraft:iron_ore":9,"minecraft:cobblestone_stairs":1230,"minecraft:tube_coral_block":50,"minecraft:snow_block":58,"minecraft:birch_planks":38,"minecraft:polished_andesite":55,"minecraft:lime_wool":53,"minecraft:red_nether_bricks":1,"minecraft:cartography_table":6,"minecraft:andesite_slab":28,"minecraft:spruce_sign":16,"minecraft:brown_mushroom":2,"minecraft:spruce_fence_gate":132,"minecraft:cauldron":55,"minecraft:magenta_stained_glass":7,"minecraft:beacon":5,"minecraft:stonecutter":12,"minecraft:fletching_table":14,"minecraft:llama_spawn_egg":1,"minecraft:green_bed":8,"minecraft:cobblestone_slab":725,"minecraft:horse_spawn_egg":1,"minecraft:cracked_stone_bricks":18,"minecraft:pink_concrete":12,"minecraft:mossy_cobblestone":28,"minecraft:diamond_block":4,"minecraft:orange_carpet":6,"minecraft:rail":127,"minecraft:light_gray_banner":3,"minecraft:vine":13,"minecraft:dark_prismarine_slab":3,"minecraft:tnt":36,"minecraft:oak_slab":291,"minecraft:crafting_table":28,"minecraft:red_bed":6,"minecraft:brown_banner":1,"minecraft:red_mushroom":1,"minecraft:birch_sign":1,"minecraft:yellow_stained_glass_pane":4,"minecraft:campfire":77,"minecraft:dark_oak_fence_gate":2,"minecraft:painting":497,"minecraft:spruce_log":73,"minecraft:cake":41,"minecraft:smoker":21,"minecraft:dark_oak_door":28,"minecraft:cyan_stained_glass":2,"minecraft:oak_log":1355,"minecraft:purple_stained_glass":2,"minecraft:wooden_hoe":70,"minecraft:gray_terracotta":1,"minecraft:dark_prismarine":17,"minecraft:piston":57,"minecraft:ender_eye":12,"minecraft:flower_pot":60,"minecraft:diamond_pickaxe":12,"minecraft:cornflower":10,"minecraft:stripped_jungle_log":3,"minecraft:sunflower":2,"minecraft:oak_button":13,"minecraft:pig_spawn_egg":6,"minecraft:map":6,"minecraft:spruce_pressure_plate":57,"minecraft:jungle_stairs":19,"minecraft:stone_slab":230,"minecraft:spruce_trapdoor":1454,"minecraft:music_disc_blocks":1,"minecraft:yellow_wool":140,"minecraft:acacia_fence_gate":1,"minecraft:magenta_banner":6,"minecraft:green_carpet":44,"minecraft:chiseled_stone_bricks":16,"minecraft:fire_coral_block":6,"minecraft:cobblestone":1247,"minecraft:potion":10,"minecraft:orange_banner":18,"minecraft:purple_bed":3,"minecraft:cyan_stained_glass_pane":19,"minecraft:white_banner":33,"minecraft:andesite_stairs":95,"minecraft:jungle_door":19,"minecraft:red_banner":20,"minecraft:bucket":42,"minecraft:grass_path":418,"minecraft:glass_pane":10,"minecraft:yellow_bed":1,"minecraft:end_portal_frame":13,"minecraft:stripped_oak_log":40,"minecraft:purple_carpet":41,"minecraft:gray_wool":19,"minecraft:dandelion":1,"minecraft:splash_potion":119,"minecraft:jukebox":1,"minecraft:smooth_stone":29,"minecraft:birch_stairs":39},"minecraft:picked_up":{"minecraft:wooden_axe":3,"minecraft:wheat":136,"minecraft:diamond_sword":2,"minecraft:brown_bed":1,"minecraft:enchanted_book":1,"minecraft:potion":6,"minecraft:golden_sword":3,"minecraft:music_disc_cat":1,"minecraft:string":2,"minecraft:dead_tube_coral_block":9,"minecraft:experience_bottle":5,"minecraft:purple_banner":1,"minecraft:zombie_head":1,"minecraft:oak_sign":1,"minecraft:beetroot":1,"minecraft:spruce_planks":1,"minecraft:written_book":23,"minecraft:melon_slice":1,"minecraft:dark_oak_door":1,"minecraft:golden_helmet":1,"minecraft:torch":11,"minecraft:porkchop":9,"minecraft:light_gray_banner":1,"minecraft:brown_carpet":35,"minecraft:gray_stained_glass_pane":2,"minecraft:yellow_banner":1,"minecraft:green_banner":1,"minecraft:stone_sword":4,"minecraft:honey_bottle":6,"minecraft:music_disc_ward":1,"minecraft:red_tulip":2,"minecraft:iron_bars":1,"minecraft:barrier":1,"minecraft:leather_chestplate":1,"minecraft:feather":9,"minecraft:potato":2,"minecraft:map":1,"minecraft:lantern":30,"minecraft:leather_boots":1,"minecraft:wheat_seeds":502,"minecraft:bamboo":1,"minecraft:ink_sac":4,"minecraft:barrel":1,"minecraft:bone_meal":3,"minecraft:spruce_sign":2,"minecraft:chorus_fruit":5,"minecraft:nether_star":12,"minecraft:azure_bluet":2,"minecraft:chicken":9,"minecraft:ladder":2,"minecraft:clay_ball":21,"minecraft:leather_leggings":1,"minecraft:orange_banner":3,"minecraft:brick":1,"minecraft:heavy_weighted_pressure_plate":1,"minecraft:cornflower":9,"minecraft:elytra":1,"minecraft:wooden_sword":7,"minecraft:white_carpet":7,"minecraft:beef":9,"minecraft:player_head":11,"minecraft:poppy":4,"minecraft:chest":2,"minecraft:egg":2,"minecraft:music_disc_mellohi":1,"minecraft:stone_button":4,"minecraft:carrot":17,"minecraft:redstone":37,"minecraft:light_gray_stained_glass_pane":21,"minecraft:stone_pressure_plate":5,"minecraft:tnt":1,"minecraft:arrow":1,"minecraft:red_shulker_box":1,"minecraft:beetroot_seeds":3,"minecraft:hay_block":1,"minecraft:tube_coral_block":2,"minecraft:black_banner":1,"minecraft:mutton":6,"minecraft:white_wool":3,"minecraft:rail":2,"minecraft:oxeye_daisy":4,"minecraft:leather":5,"minecraft:music_disc_stal":1,"minecraft:filled_map":3,"minecraft:oak_log":1,"minecraft:white_banner":1,"minecraft:red_carpet":4,"minecraft:stone_bricks":1,"minecraft:iron_sword":5,"minecraft:scaffolding":25,"minecraft:sweet_berries":102,"minecraft:red_wool":1,"minecraft:dandelion":7,"minecraft:gravel":16,"minecraft:red_banner":1,"minecraft:gold_ore":1,"minecraft:green_carpet":1,"minecraft:spruce_door":8,"minecraft:firework_rocket":1,"minecraft:painting":4,"minecraft:coal":25,"minecraft:sunflower":3},"minecraft:mined":{"minecraft:dead_tube_coral_block":8,"minecraft:tube_coral_block":4,"minecraft:brown_bed":7,"minecraft:green_bed":1,"minecraft:red_bed":5,"minecraft:chest":1,"minecraft:grass":1,"minecraft:redstone_wire":2,"minecraft:purple_bed":2,"minecraft:coarse_dirt":1,"minecraft:yellow_bed":1},"minecraft:custom":{"minecraft:interact_with_crafting_table":3,"minecraft:open_barrel":36,"minecraft:open_shulker_box":14,"minecraft:bell_ring":53,"minecraft:eat_cake_slice":24,"minecraft:leave_game":315,"minecraft:time_since_death":3656344,"minecraft:sprint_one_cm":8711011,"minecraft:drop":237,"minecraft:play_noteblock":34,"minecraft:talked_to_villager":1,"minecraft:deaths":2,"minecraft:jump":37662,"minecraft:interact_with_brewingstand":3,"minecraft:walk_on_water_one_cm":186956,"minecraft:interact_with_furnace":2,"minecraft:play_record":2,"minecraft:interact_with_cartography_table":16,"minecraft:play_one_minute":12448051,"minecraft:interact_with_loom":11,"minecraft:open_enderchest":73,"minecraft:damage_dealt":4091,"minecraft:interact_with_beacon":1,"minecraft:player_kills":1,"minecraft:crouch_one_cm":186250,"minecraft:interact_with_smoker":3,"minecraft:inspect_dispenser":7,"minecraft:horse_one_cm":493628,"minecraft:interact_with_smithing_table":1,"minecraft:interact_with_anvil":35,"minecraft:mob_kills":49,"minecraft:inspect_hopper":3,"minecraft:fill_cauldron":6,"minecraft:climb_one_cm":59599,"minecraft:walk_one_cm":7320861,"minecraft:sneak_time":182763,"minecraft:walk_under_water_one_cm":417674,"minecraft:interact_with_lectern":35,"minecraft:interact_with_blast_furnace":2,"minecraft:tune_noteblock":432,"minecraft:pot_flower":54,"minecraft:interact_with_grindstone":3,"minecraft:time_since_rest":3656364,"minecraft:damage_taken":1010,"minecraft:swim_one_cm":29470,"minecraft:fly_one_cm":48633949,"minecraft:open_chest":676,"minecraft:aviate_one_cm":18878264,"minecraft:fall_one_cm":28125}},"DataVersion":2586}