{"stats":{"minecraft:picked_up":{"minecraft:wooden_axe":3,"minecraft:wheat":1,"minecraft:light_blue_concrete":1,"minecraft:diamond_sword":1,"minecraft:stone_slab":1,"minecraft:lead":6,"minecraft:potion":2,"minecraft:stone_brick_stairs":4,"minecraft:purple_banner":1,"minecraft:oak_sign":3,"minecraft:spruce_planks":1,"minecraft:rose_bush":2,"minecraft:written_book":71,"minecraft:enchanted_golden_apple":4,"minecraft:melon_slice":4,"minecraft:golden_helmet":6,"minecraft:stick":1,"minecraft:music_disc_blocks":2,"minecraft:spruce_stairs":1,"minecraft:torch":2,"minecraft:green_bed":1,"minecraft:porkchop":7,"minecraft:light_gray_banner":1,"minecraft:yellow_banner":6,"minecraft:andesite_wall":2,"minecraft:honey_bottle":4,"minecraft:carved_pumpkin":1,"minecraft:stripped_birch_wood":2,"minecraft:snowball":11,"minecraft:iron_bars":1,"minecraft:cobblestone":2,"minecraft:andesite":1,"minecraft:lantern":80,"minecraft:bow":1,"minecraft:wheat_seeds":21,"minecraft:rabbit":2,"minecraft:jungle_planks":1,"minecraft:melon":2,"minecraft:barrel":1,"minecraft:polished_andesite":2,"minecraft:yellow_carpet":2,"minecraft:bone_meal":1,"minecraft:spruce_button":1,"minecraft:spruce_sign":14,"minecraft:oak_sapling":4,"minecraft:nether_star":2,"minecraft:coarse_dirt":1,"minecraft:allium":2,"minecraft:chicken":2,"minecraft:clay_ball":212,"minecraft:jungle_trapdoor":1,"minecraft:elytra":1,"minecraft:white_carpet":2,"minecraft:item_frame":23,"minecraft:glass_pane":1,"minecraft:spruce_trapdoor":1,"minecraft:stone":2,"minecraft:music_disc_mellohi":1,"minecraft:stone_button":15,"minecraft:carrot":3,"minecraft:stone_pressure_plate":1,"minecraft:brick_stairs":1,"minecraft:rail":24,"minecraft:oxeye_daisy":3,"minecraft:tripwire_hook":1,"minecraft:leather":2,"minecraft:filled_map":10,"minecraft:oak_log":2,"minecraft:cobblestone_wall":1,"minecraft:cobblestone_stairs":1,"minecraft:white_banner":2,"minecraft:red_carpet":2,"minecraft:light_blue_banner":2,"minecraft:stone_bricks":2,"minecraft:stripped_oak_wood":1,"minecraft:polished_andesite_slab":1,"minecraft:music_disc_chirp":1,"minecraft:scaffolding":101,"minecraft:polished_andesite_stairs":1,"minecraft:white_stained_glass_pane":1,"minecraft:sweet_berries":3,"minecraft:yellow_concrete":1,"minecraft:gravel":1,"minecraft:birch_stairs":1,"minecraft:spruce_door":9,"minecraft:brick_slab":1,"minecraft:music_disc_mall":1,"minecraft:painting":3,"minecraft:birch_sign":6,"minecraft:red_concrete":2},"minecraft:mined":{"minecraft:brown_bed":44,"minecraft:green_bed":13},"minecraft:custom":{"minecraft:interact_with_crafting_table":1,"minecraft:open_barrel":33,"minecraft:bell_ring":46,"minecraft:eat_cake_slice":12,"minecraft:leave_game":107,"minecraft:time_since_death":5538262,"minecraft:sprint_one_cm":1929125,"minecraft:drop":118,"minecraft:deaths":1,"minecraft:jump":21061,"minecraft:interact_with_brewingstand":1,"minecraft:walk_on_water_one_cm":184581,"minecraft:play_record":8,"minecraft:interact_with_cartography_table":25,"minecraft:play_one_minute":9201184,"minecraft:interact_with_loom":7,"minecraft:sleep_in_bed":1,"minecraft:open_enderchest":15,"minecraft:damage_dealt":770,"minecraft:crouch_one_cm":218743,"minecraft:interact_with_smoker":4,"minecraft:inspect_dispenser":8,"minecraft:horse_one_cm":36923,"minecraft:interact_with_anvil":10,"minecraft:mob_kills":8,"minecraft:inspect_hopper":2,"minecraft:fill_cauldron":8,"minecraft:interact_with_campfire":4,"minecraft:climb_one_cm":25178,"minecraft:walk_one_cm":5745375,"minecraft:sneak_time":320651,"minecraft:walk_under_water_one_cm":199738,"minecraft:interact_with_lectern":19,"minecraft:interact_with_blast_furnace":2,"minecraft:tune_noteblock":208,"minecraft:pot_flower":95,"minecraft:interact_with_grindstone":2,"minecraft:time_since_rest":2047610,"minecraft:minecart_one_cm":4334,"minecraft:swim_one_cm":7735,"minecraft:fly_one_cm":61776626,"minecraft:open_chest":39,"minecraft:aviate_one_cm":2499240},"minecraft:dropped":{"minecraft:spruce_sign":1,"minecraft:iron_sword":2,"minecraft:oak_log":3,"minecraft:cooked_porkchop":43,"minecraft:lantern":1,"minecraft:cobblestone_stairs":1,"minecraft:wooden_sword":1,"minecraft:white_stained_glass_pane":2,"minecraft:stripped_oak_wood":3,"minecraft:dark_oak_planks":1,"minecraft:enchanted_golden_apple":4,"minecraft:honey_bottle":2,"minecraft:brick_stairs":1,"minecraft:acacia_sapling":1,"minecraft:iron_bars":1,"minecraft:glass":1,"minecraft:stone_brick_stairs":1,"minecraft:written_book":13,"minecraft:golden_helmet":3,"minecraft:yellow_concrete":1,"minecraft:cobblestone":2,"minecraft:spruce_stairs":1,"minecraft:polished_andesite":1,"minecraft:wooden_axe":1,"minecraft:red_concrete":3,"minecraft:clay_ball":143,"minecraft:light_blue_concrete":1,"minecraft:filled_map":1,"minecraft:flower_pot":1,"minecraft:andesite":1,"minecraft:oak_sapling":1,"minecraft:stone_bricks":1,"minecraft:brick_slab":1},"minecraft:killed":{"minecraft:chicken":2,"minecraft:horse":2,"minecraft:snow_golem":2,"minecraft:rabbit":1},"minecraft:used":{"minecraft:peony":26,"minecraft:light_blue_banner":4,"minecraft:writable_book":8,"minecraft:iron_shovel":40,"minecraft:light_gray_stained_glass_pane":10,"minecraft:melon":23,"minecraft:spruce_slab":5190,"minecraft:dispenser":14,"minecraft:poppy":1,"minecraft:diamond_hoe":35,"minecraft:ladder":91,"minecraft:oak_sign":12,"minecraft:chest":27,"minecraft:stone":1187,"minecraft:grass":108,"minecraft:quartz_stairs":5,"minecraft:bell":6,"minecraft:player_head":18,"minecraft:farmland":3,"minecraft:spruce_leaves":25,"minecraft:lily_of_the_valley":1,"minecraft:brick_slab":1441,"minecraft:carrot":35,"minecraft:jungle_slab":83,"minecraft:allium":47,"minecraft:orange_wool":62,"minecraft:beehive":3,"minecraft:azure_bluet":71,"minecraft:stripped_spruce_log":268,"minecraft:honey_bottle":14,"minecraft:glass":124,"minecraft:cyan_terracotta":24,"minecraft:lava_bucket":2,"minecraft:bricks":4556,"minecraft:coal_ore":36,"minecraft:spruce_wood":10,"minecraft:jungle_fence_gate":2,"minecraft:red_wool":58,"minecraft:black_stained_glass_pane":3,"minecraft:lantern":478,"minecraft:grass_block":2363,"minecraft:blue_orchid":3,"minecraft:music_disc_ward":1,"minecraft:polished_andesite_stairs":617,"minecraft:music_disc_chirp":2,"minecraft:dark_oak_leaves":7,"minecraft:dark_oak_slab":57,"minecraft:mossy_cobblestone_slab":2,"minecraft:tropical_fish_spawn_egg":8,"minecraft:diorite_wall":2,"minecraft:stone_brick_stairs":2042,"minecraft:stone_bricks":4344,"minecraft:blue_banner":7,"minecraft:item_frame":109,"minecraft:bedrock":4,"minecraft:birch_trapdoor":4,"minecraft:redstone_lamp":43,"minecraft:red_nether_brick_wall":16,"minecraft:snow":433,"minecraft:bow":52,"minecraft:sweet_berries":2,"minecraft:hay_block":180,"minecraft:written_book":17,"minecraft:scaffolding":77,"minecraft:furnace":3,"minecraft:polished_diorite_stairs":84,"minecraft:gold_block":2,"minecraft:large_fern":36,"minecraft:brown_concrete_powder":44,"minecraft:stripped_spruce_wood":70,"minecraft:dark_oak_stairs":319,"minecraft:mossy_stone_bricks":36,"minecraft:diorite":1,"minecraft:end_rod":47,"minecraft:cow_spawn_egg":9,"minecraft:spruce_door":96,"minecraft:brick_wall":32,"minecraft:stripped_birch_log":161,"minecraft:birch_leaves":303,"minecraft:acacia_trapdoor":3,"minecraft:gray_carpet":13,"minecraft:jungle_fence":22,"minecraft:oak_planks":304,"minecraft:polished_diorite_slab":59,"minecraft:orange_tulip":3,"minecraft:mossy_stone_brick_stairs":4,"minecraft:redstone_block":15,"minecraft:composter":5,"minecraft:oak_leaves":1322,"minecraft:white_wool":403,"minecraft:dark_oak_trapdoor":68,"minecraft:purpur_stairs":2,"minecraft:sand":19,"minecraft:light_blue_concrete":1394,"minecraft:loom":5,"minecraft:black_banner":22,"minecraft:blast_furnace":7,"minecraft:yellow_concrete":2493,"minecraft:acacia_leaves":3,"minecraft:note_block":206,"minecraft:stone_brick_wall":14,"minecraft:gray_concrete":9,"minecraft:redstone_torch":3,"minecraft:lever":8,"minecraft:green_concrete":36,"minecraft:dark_oak_log":29,"minecraft:heavy_weighted_pressure_plate":3,"minecraft:gray_stained_glass_pane":36,"minecraft:birch_slab":6,"minecraft:light_gray_concrete":34,"minecraft:music_disc_mall":1,"minecraft:barrier":12,"minecraft:stone_button":35,"minecraft:lectern":5,"minecraft:gravel":205,"minecraft:lilac":54,"minecraft:polished_andesite_slab":189,"minecraft:diamond_sword":9,"minecraft:coal_block":8,"minecraft:grindstone":25,"minecraft:stripped_oak_wood":1813,"minecraft:smithing_table":6,"minecraft:dark_oak_fence":19,"minecraft:white_stained_glass":162,"minecraft:andesite":445,"minecraft:smooth_stone_slab":20,"minecraft:mossy_cobblestone_wall":2,"minecraft:white_concrete":34,"minecraft:coarse_dirt":600,"minecraft:purple_wool":64,"minecraft:gray_stained_glass":1,"minecraft:diorite_stairs":13,"minecraft:oak_fence":36,"minecraft:oak_trapdoor":52,"minecraft:petrified_oak_slab":16,"minecraft:rose_bush":50,"minecraft:iron_bars":263,"minecraft:orange_concrete":1148,"minecraft:flint_and_steel":4,"minecraft:carved_pumpkin":3,"minecraft:red_concrete":1540,"minecraft:armor_stand":19,"minecraft:spruce_planks":4483,"minecraft:ender_chest":10,"minecraft:stripped_birch_wood":6612,"minecraft:netherrack":4,"minecraft:orange_stained_glass":3,"minecraft:torch":104,"minecraft:end_stone_brick_wall":7,"minecraft:brewing_stand":1,"minecraft:dirt":343,"minecraft:anvil":49,"minecraft:white_carpet":1,"minecraft:hopper":3,"minecraft:spruce_stairs":5374,"minecraft:cobblestone_wall":248,"minecraft:stone_stairs":160,"minecraft:yellow_carpet":103,"minecraft:oak_wood":537,"minecraft:jungle_trapdoor":5,"minecraft:spruce_fence":2148,"minecraft:blue_concrete":251,"minecraft:oak_fence_gate":1,"minecraft:polished_diorite":49,"minecraft:fern":68,"minecraft:purple_banner":1,"minecraft:andesite_wall":580,"minecraft:music_disc_mellohi":2,"minecraft:stone_brick_slab":1471,"minecraft:dark_oak_planks":336,"minecraft:wooden_axe":2,"minecraft:sea_lantern":18,"minecraft:red_tulip":2,"minecraft:bookshelf":3,"minecraft:light_gray_stained_glass":1,"minecraft:oak_stairs":109,"minecraft:brick_stairs":8442,"minecraft:spruce_button":254,"minecraft:jungle_log":2,"minecraft:chicken_spawn_egg":2,"minecraft:smooth_quartz":2,"minecraft:barrel":270,"minecraft:light_gray_wool":1,"minecraft:tripwire_hook":11,"minecraft:glowstone":21,"minecraft:lime_concrete":974,"minecraft:tall_grass":33,"minecraft:iron_trapdoor":2,"minecraft:white_stained_glass_pane":792,"minecraft:podzol":23,"minecraft:minecart":1,"minecraft:stone_pressure_plate":2,"minecraft:pumpkin":15,"minecraft:brown_bed":89,"minecraft:wheat_seeds":3,"minecraft:water_bucket":27,"minecraft:yellow_banner":36,"minecraft:iron_ore":37,"minecraft:cobblestone_stairs":403,"minecraft:snow_block":54,"minecraft:lead":16,"minecraft:polished_andesite":1622,"minecraft:cartography_table":17,"minecraft:andesite_slab":5,"minecraft:spruce_sign":145,"minecraft:cauldron":17,"minecraft:spruce_fence_gate":383,"minecraft:stonecutter":3,"minecraft:green_bed":33,"minecraft:cobblestone_slab":291,"minecraft:horse_spawn_egg":13,"minecraft:cracked_stone_bricks":16,"minecraft:pink_concrete":1111,"minecraft:vine":56,"minecraft:mossy_cobblestone":16,"minecraft:rail":89,"minecraft:rabbit_spawn_egg":1,"minecraft:light_gray_banner":10,"minecraft:music_disc_cat":1,"minecraft:oak_slab":25,"minecraft:tnt":1,"minecraft:crafting_table":7,"minecraft:brown_banner":3,"minecraft:birch_sign":12,"minecraft:yellow_stained_glass_pane":40,"minecraft:campfire":186,"minecraft:dark_oak_fence_gate":7,"minecraft:painting":178,"minecraft:smoker":6,"minecraft:spruce_log":343,"minecraft:music_disc_strad":1,"minecraft:dark_oak_door":3,"minecraft:oak_log":10958,"minecraft:piston":13,"minecraft:flower_pot":115,"minecraft:cornflower":3,"minecraft:oxeye_daisy":3,"minecraft:diamond_shovel":341,"minecraft:command_block":1,"minecraft:sunflower":1,"minecraft:pig_spawn_egg":7,"minecraft:map":46,"minecraft:spruce_pressure_plate":102,"minecraft:jungle_stairs":8,"minecraft:magenta_concrete":112,"minecraft:stone_slab":299,"minecraft:spruce_trapdoor":2346,"minecraft:green_carpet":108,"minecraft:chiseled_stone_bricks":17,"minecraft:cobblestone":2053,"minecraft:potion":6,"minecraft:white_banner":70,"minecraft:glass_pane":199,"minecraft:andesite_stairs":7,"minecraft:bucket":1,"minecraft:grass_path":118,"minecraft:dandelion":8,"minecraft:gray_wool":1,"minecraft:jukebox":1,"minecraft:splash_potion":146,"minecraft:birch_stairs":189}},"DataVersion":2230}